"d_codigo","d_asenta","D_mnpio","d_ciudad","d_estado","CIUDADASENTA"
34000,"Victoria de Durango Centro","Durango","Victoria de Durango","Durango","Victoria de Durango,Centro"
34000,"Dionisio Gallardo","Durango","Victoria de Durango","Durango","Victoria de Durango,Dionisio Gallardo"
34000,"Luis Gómez Zepeda","Durango","Victoria de Durango","Durango","Victoria de Durango,Luis Gómez Zepeda"
34000,"Rinconada Mascareñas","Durango","Victoria de Durango","Durango","Victoria de Durango,Rinconada Mascareñas"
34000,"Herrera Leyva","Durango","Victoria de Durango","Durango","Victoria de Durango,Herrera Leyva"
34000,"Privada del Sahuaro","Durango","Victoria de Durango","Durango","Victoria de Durango,Privada del Sahuaro"
34010,"Héctor Mayagoitia Domínguez","Durango","Victoria de Durango","Durango","Victoria de Durango,Héctor Mayagoitia Domínguez"
34010,"José López Portillo","Durango","Victoria de Durango","Durango","Victoria de Durango,José López Portillo"
34010,"Morga","Durango","Victoria de Durango","Durango","Victoria de Durango,Morga"
34010,"Valentín Gómez Farias","Durango","Victoria de Durango","Durango","Victoria de Durango,Valentín Gómez Farias"
34010,"Minero Napoleón Gómez Sada","Durango","Victoria de Durango","Durango","Victoria de Durango,Minero Napoleón Gómez Sada"
34014,"Las Palmas","Durango","Victoria de Durango","Durango","Victoria de Durango,Las Palmas"
34014,"Juan Salazar","Durango","Victoria de Durango","Durango","Victoria de Durango,Juan Salazar"
34014,"Palma Alta","Durango","Victoria de Durango","Durango","Victoria de Durango,Palma Alta"
34014,"Paseo de la Pradera","Durango","Victoria de Durango","Durango","Victoria de Durango,Paseo de la Pradera"
34015,"Ampliación Héctor Mayagoitia Domínguez","Durango","Victoria de Durango","Durango","Victoria de Durango,Ampliación Héctor Mayagoitia Domínguez"
34015,"Ladera del Pedregal","Durango","Victoria de Durango","Durango","Victoria de Durango,Ladera del Pedregal"
34016,"Ciudad San Isidro","Durango","Victoria de Durango","Durango","Victoria de Durango,Ciudad San Isidro"
34016,"El Prado","Durango","Victoria de Durango","Durango","Victoria de Durango,El Prado"
34016,"Morelos Norte","Durango","Victoria de Durango","Durango","Victoria de Durango,Morelos Norte"
34016,"Amalia Solórzano","Durango","Victoria de Durango","Durango","Victoria de Durango,Amalia Solórzano"
34016,"Cesar Guillermo Meraz","Durango","Victoria de Durango","Durango","Victoria de Durango,Cesar Guillermo Meraz"
34017,"PRI","Durango","Victoria de Durango","Durango","Victoria de Durango,PRI"
34017,"Ampliación PRI","Durango","Victoria de Durango","Durango","Victoria de Durango,Ampliación PRI"
34017,"Luz y Esperanza","Durango","Victoria de Durango","Durango","Victoria de Durango,Luz y Esperanza"
34018,"Ángel Tejada Espino","Durango","Victoria de Durango","Durango","Victoria de Durango,Ángel Tejada Espino"
34019,"Lázaro Cárdenas","Durango","Victoria de Durango","Durango","Victoria de Durango,Lázaro Cárdenas"
34020,"Benjamín Méndez","Durango","Victoria de Durango","Durango","Victoria de Durango,Benjamín Méndez"
34020,"Guadalupe","Durango","Victoria de Durango","Durango","Victoria de Durango,Guadalupe"
34020,"Rosas del Tepeyac","Durango","Victoria de Durango","Durango","Victoria de Durango,Rosas del Tepeyac"
34020,"Cuadra del Ferrocarril","Durango","Victoria de Durango","Durango","Victoria de Durango,Cuadra del Ferrocarril"
34020,"Cerro de Guadalupe","Durango","Victoria de Durango","Durango","Victoria de Durango,Cerro de Guadalupe"
34024,"Planta de Impregnación (Ferrocarrilera)","Durango","Victoria de Durango","Durango","Victoria de Durango,Planta de Impregnación (Ferrocarrilera)"
34027,"Recuerdos del Pasado","Durango","Victoria de Durango","Durango","Victoria de Durango,Recuerdos del Pasado"
34027,"Unidad Guadalupe","Durango","Victoria de Durango","Durango","Victoria de Durango,Unidad Guadalupe"
34028,"Sergio Méndez Arceo","Durango","Victoria de Durango","Durango","Victoria de Durango,Sergio Méndez Arceo"
34029,"Cerro del Mercado","Durango","Victoria de Durango","Durango","Victoria de Durango,Cerro del Mercado"
34029,"Ampliación Rosas del Tepeyac","Durango","Victoria de Durango","Durango","Victoria de Durango,Ampliación Rosas del Tepeyac"
34030,"16 de Septiembre","Durango","Victoria de Durango","Durango","Victoria de Durango,16 de Septiembre"
34030,"Acereros","Durango","Victoria de Durango","Durango","Victoria de Durango,Acereros"
34030,"San Ignacio","Durango","Victoria de Durango","Durango","Victoria de Durango,San Ignacio"
34030,"San Martín de Porres","Durango","Victoria de Durango","Durango","Victoria de Durango,San Martín de Porres"
34030,"El Ciprés (Cerro del Mercado)","Durango","Victoria de Durango","Durango","Victoria de Durango,El Ciprés (Cerro del Mercado)"
34030,"San Isidro","Durango","Victoria de Durango","Durango","Victoria de Durango,San Isidro"
34034,"Residencial los Arcos","Durango","","Durango",",Residencial los Arcos"
34034,"Fraccionamiento Campestre las Granjas Dos","Durango","","Durango",",Fraccionamiento Campestre las Granjas Dos"
34038,"Las Águilas","Durango","Victoria de Durango","Durango","Victoria de Durango,Las Águilas"
34038,"Cielo Vista","Durango","Victoria de Durango","Durango","Victoria de Durango,Cielo Vista"
34038,"Residencial la Rioja","Durango","Victoria de Durango","Durango","Victoria de Durango,Residencial la Rioja"
34038,"Residencial Puerta de Hierro","Durango","Victoria de Durango","Durango","Victoria de Durango,Residencial Puerta de Hierro"
34038,"Residencial Plaza Alejandra","Durango","Victoria de Durango","Durango","Victoria de Durango,Residencial Plaza Alejandra"
34039,"Las Encinas","Durango","Victoria de Durango","Durango","Victoria de Durango,Las Encinas"
34039,"La Rielera","Durango","Victoria de Durango","Durango","Victoria de Durango,La Rielera"
34039,"Alejandra","Durango","Victoria de Durango","Durango","Victoria de Durango,Alejandra"
34039,"Vallesol","Durango","Victoria de Durango","Durango","Victoria de Durango,Vallesol"
34039,"Terrenos del Ferrocarril","Durango","Victoria de Durango","Durango","Victoria de Durango,Terrenos del Ferrocarril"
34040,"Villa de Guadalupe","Durango","Victoria de Durango","Durango","Victoria de Durango,Villa de Guadalupe"
34043,"Las Cumbres","Durango","Victoria de Durango","Durango","Victoria de Durango,Las Cumbres"
34043,"Niños Héroes","Durango","Victoria de Durango","Durango","Victoria de Durango,Niños Héroes"
34045,"Antonio Ramirez","Durango","Victoria de Durango","Durango","Victoria de Durango,Antonio Ramirez"
34045,"Parque Sahuatoba","Durango","Victoria de Durango","Durango","Victoria de Durango,Parque Sahuatoba"
34045,"Alcaldes","Durango","Victoria de Durango","Durango","Victoria de Durango,Alcaldes"
34045,"Valle Dorado","Durango","Victoria de Durango","Durango","Victoria de Durango,Valle Dorado"
34045,"El Mirador","Durango","Victoria de Durango","Durango","Victoria de Durango,El Mirador"
34045,"Gobernadores","Durango","Victoria de Durango","Durango","Victoria de Durango,Gobernadores"
34045,"Las Margaritas","Durango","Victoria de Durango","Durango","Victoria de Durango,Las Margaritas"
34046,"Miguel de La Madrid Hurtado","Durango","Victoria de Durango","Durango","Victoria de Durango,Miguel de La Madrid Hurtado"
34046,"Legisladores Durangueños","Durango","Victoria de Durango","Durango","Victoria de Durango,Legisladores Durangueños"
34047,"Bellavista","Durango","Victoria de Durango","Durango","Victoria de Durango,Bellavista"
34048,"Felipe Ángeles","Durango","Victoria de Durango","Durango","Victoria de Durango,Felipe Ángeles"
34049,"La Virgen","Durango","Victoria de Durango","Durango","Victoria de Durango,La Virgen"
34049,"Privada San Vicente","Durango","Victoria de Durango","Durango","Victoria de Durango,Privada San Vicente"
34050,"Maderera","Durango","Victoria de Durango","Durango","Victoria de Durango,Maderera"
34050,"Santa María","Durango","Victoria de Durango","Durango","Victoria de Durango,Santa María"
34058,"La Loma","Durango","Victoria de Durango","Durango","Victoria de Durango,La Loma"
34060,"Fátima","Durango","Victoria de Durango","Durango","Victoria de Durango,Fátima"
34069,"Paloma","Durango","Victoria de Durango","Durango","Victoria de Durango,Paloma"
34070,"Silvestre Dorador","Durango","Victoria de Durango","Durango","Victoria de Durango,Silvestre Dorador"
34074,"El Calvario","Durango","Victoria de Durango","Durango","Victoria de Durango,El Calvario"
34075,"Madrazo","Durango","Victoria de Durango","Durango","Victoria de Durango,Madrazo"
34076,"Los Ángeles","Durango","Victoria de Durango","Durango","Victoria de Durango,Los Ángeles"
34077,"Predio Canoas","Durango","Victoria de Durango","Durango","Victoria de Durango,Predio Canoas"
34080,"Del Lago","Durango","Victoria de Durango","Durango","Victoria de Durango,Del Lago"
34080,"Esperanza","Durango","Victoria de Durango","Durango","Victoria de Durango,Esperanza"
34080,"Nueva Vizcaya","Durango","Victoria de Durango","Durango","Victoria de Durango,Nueva Vizcaya"
34080,"Real del Prado","Durango","Victoria de Durango","Durango","Victoria de Durango,Real del Prado"
34090,"Ciénega","Durango","Victoria de Durango","Durango","Victoria de Durango,Ciénega"
34100,"Lomas del Parque","Durango","Victoria de Durango","Durango","Victoria de Durango,Lomas del Parque"
34100,"Los Remedios","Durango","Victoria de Durango","Durango","Victoria de Durango,Los Remedios"
34100,"Villa Lomas","Durango","Victoria de Durango","Durango","Victoria de Durango,Villa Lomas"
34100,"Loma Dorada Diamante","Durango","Victoria de Durango","Durango","Victoria de Durango,Loma Dorada Diamante"
34100,"Privada San Lorenzo","Durango","Victoria de Durango","Durango","Victoria de Durango,Privada San Lorenzo"
34100,"Riconada San Javier","Durango","Victoria de Durango","Durango","Victoria de Durango,Riconada San Javier"
34103,"Ampliación Tapias","Durango","Victoria de Durango","Durango","Victoria de Durango,Ampliación Tapias"
34103,"F.O.S. La Virgen","Durango","Victoria de Durango","Durango","Victoria de Durango,F.O.S. La Virgen"
34103,"Campestre Los Pinos","Durango","Victoria de Durango","Durango","Victoria de Durango,Campestre Los Pinos"
34104,"Loma Dorada","Durango","Victoria de Durango","Durango","Victoria de Durango,Loma Dorada"
34105,"El Saltito","Durango","Victoria de Durango","Durango","Victoria de Durango,El Saltito"
34105,"La Esmeralda","Durango","Victoria de Durango","Durango","Victoria de Durango,La Esmeralda"
34105,"General Lázaro Cárdenas (Garabitos Nuevo)","Durango","Victoria de Durango","Durango","Victoria de Durango,General Lázaro Cárdenas (Garabitos Nuevo)"
34105,"Colinas del Saltito","Durango","Victoria de Durango","Durango","Victoria de Durango,Colinas del Saltito"
34105,"Paseo del Saltito","Durango","Victoria de Durango","Durango","Victoria de Durango,Paseo del Saltito"
34105,"Lomas","Durango","Victoria de Durango","Durango","Victoria de Durango,Lomas"
34105,"Alexa","Durango","Victoria de Durango","Durango","Victoria de Durango,Alexa"
34105,"Gardenias Privadas Residencial","Durango","Victoria de Durango","Durango","Victoria de Durango,Gardenias Privadas Residencial"
34106,"Campestre Jacarandas","Durango","Victoria de Durango","Durango","Victoria de Durango,Campestre Jacarandas"
34106,"Hacienda Residencial San Fernanda","Durango","Victoria de Durango","Durango","Victoria de Durango,Hacienda Residencial San Fernanda"
34106,"Paseo del Bosque","Durango","Victoria de Durango","Durango","Victoria de Durango,Paseo del Bosque"
34106,"Residencial Santa Bárbara","Durango","Victoria de Durango","Durango","Victoria de Durango,Residencial Santa Bárbara"
34106,"San Ángel","Durango","Victoria de Durango","Durango","Victoria de Durango,San Ángel"
34106,"Las Alamedas","Durango","Victoria de Durango","Durango","Victoria de Durango,Las Alamedas"
34106,"15 de Mayo (Tapias)","Durango","Victoria de Durango","Durango","Victoria de Durango,15 de Mayo (Tapias)"
34106,"Privada San Ángel Inn","Durango","Victoria de Durango","Durango","Victoria de Durango,Privada San Ángel Inn"
34106,"Las Alamedas II","Durango","Victoria de Durango","Durango","Victoria de Durango,Las Alamedas II"
34106,"Residencial las Alamedas","Durango","Victoria de Durango","Durango","Victoria de Durango,Residencial las Alamedas"
34106,"Privada Alejandro","Durango","Victoria de Durango","Durango","Victoria de Durango,Privada Alejandro"
34107,"Santi Residencial","Durango","Victoria de Durango","Durango","Victoria de Durango,Santi Residencial"
34107,"Residencial Hortencia","Durango","Victoria de Durango","Durango","Victoria de Durango,Residencial Hortencia"
34107,"Residencial La Salle","Durango","Victoria de Durango","Durango","Victoria de Durango,Residencial La Salle"
34107,"Rancho la Nogalera","Durango","","Durango",",Rancho la Nogalera"
34107,"Haciendas el Saltito","Durango","Victoria de Durango","Durango","Victoria de Durango,Haciendas el Saltito"
34108,"Ampliación El Saltito","Durango","Victoria de Durango","Durango","Victoria de Durango,Ampliación El Saltito"
34108,"Lomas del Sahuatoba","Durango","Victoria de Durango","Durango","Victoria de Durango,Lomas del Sahuatoba"
34108,"Hacienda Alejandro Plus","Durango","Victoria de Durango","Durango","Victoria de Durango,Hacienda Alejandro Plus"
34108,"Rinconada Misión del Pedregal","Durango","Victoria de Durango","Durango","Victoria de Durango,Rinconada Misión del Pedregal"
34108,"La Lomita","Durango","Victoria de Durango","Durango","Victoria de Durango,La Lomita"
34108,"Del Bosque","Durango","Victoria de Durango","Durango","Victoria de Durango,Del Bosque"
34108,"Buenos Aires","Durango","Victoria de Durango","Durango","Victoria de Durango,Buenos Aires"
34108,"Pedregal de San Pedro","Durango","Victoria de Durango","Durango","Victoria de Durango,Pedregal de San Pedro"
34109,"Residencial Caletto","Durango","Victoria de Durango","Durango","Victoria de Durango,Residencial Caletto"
34109,"Privadas del Sahuatoba","Durango","Victoria de Durango","Durango","Victoria de Durango,Privadas del Sahuatoba"
34109,"Privadas del Guadiana","Durango","Victoria de Durango","Durango","Victoria de Durango,Privadas del Guadiana"
34109,"Real del Lago","Durango","Victoria de Durango","Durango","Victoria de Durango,Real del Lago"
34109,"Privadas del Parque","Durango","Victoria de Durango","Durango","Victoria de Durango,Privadas del Parque"
34110,"Empleado Municipal","Durango","Victoria de Durango","Durango","Victoria de Durango,Empleado Municipal"
34110,"Lomas del Guadiana","Durango","Victoria de Durango","Durango","Victoria de Durango,Lomas del Guadiana"
34110,"Alexa Plus","Durango","Victoria de Durango","Durango","Victoria de Durango,Alexa Plus"
34110,"Valle Alegre","Durango","Victoria de Durango","Durango","Victoria de Durango,Valle Alegre"
34110,"Villa los Remedios","Durango","Victoria de Durango","Durango","Victoria de Durango,Villa los Remedios"
34113,"Sarh","Durango","Victoria de Durango","Durango","Victoria de Durango,Sarh"
34116,"Vista Hermosa del Guadiana","Durango","Victoria de Durango","Durango","Victoria de Durango,Vista Hermosa del Guadiana"
34119,"San Roque","Durango","Victoria de Durango","Durango","Victoria de Durango,San Roque"
34119,"Predio la Loza","Durango","Victoria de Durango","Durango","Victoria de Durango,Predio la Loza"
34120,"Benito Juárez","Durango","Victoria de Durango","Durango","Victoria de Durango,Benito Juárez"
34120,"Gustavo Díaz Ordaz","Durango","Victoria de Durango","Durango","Victoria de Durango,Gustavo Díaz Ordaz"
34120,"La Granja","Durango","Victoria de Durango","Durango","Victoria de Durango,La Granja"
34120,"Valle del Sur","Durango","Victoria de Durango","Durango","Victoria de Durango,Valle del Sur"
34120,"La Estancia","Durango","Victoria de Durango","Durango","Victoria de Durango,La Estancia"
34123,"9 de Julio","Durango","Victoria de Durango","Durango","Victoria de Durango,9 de Julio"
34123,"El Rosario","Durango","Victoria de Durango","Durango","Victoria de Durango,El Rosario"
34124,"Arco Iris","Durango","Victoria de Durango","Durango","Victoria de Durango,Arco Iris"
34124,"El Soliceño","Durango","Victoria de Durango","Durango","Victoria de Durango,El Soliceño"
34124,"Miguel González Avelar","Durango","Victoria de Durango","Durango","Victoria de Durango,Miguel González Avelar"
34124,"Balcón de Tapias","Durango","Victoria de Durango","Durango","Victoria de Durango,Balcón de Tapias"
34124,"Nuevo Amanecer","Durango","Victoria de Durango","Durango","Victoria de Durango,Nuevo Amanecer"
34124,"San Miguel","Durango","Victoria de Durango","Durango","Victoria de Durango,San Miguel"
34124,"12 de Diciembre","Durango","Victoria de Durango","Durango","Victoria de Durango,12 de Diciembre"
34124,"Puertas del Sol III","Durango","Victoria de Durango","Durango","Victoria de Durango,Puertas del Sol III"
34125,"1° de Mayo","Durango","Victoria de Durango","Durango","Victoria de Durango,1° de Mayo"
34126,"Potreros del Refugio","Durango","Victoria de Durango","Durango","Victoria de Durango,Potreros del Refugio"
34127,"CNOP","Durango","Victoria de Durango","Durango","Victoria de Durango,CNOP"
34127,"Tierra y Libertad","Durango","Victoria de Durango","Durango","Victoria de Durango,Tierra y Libertad"
34128,"Las Flores","Durango","Victoria de Durango","Durango","Victoria de Durango,Las Flores"
34128,"Manuel Buendía","Durango","Victoria de Durango","Durango","Victoria de Durango,Manuel Buendía"
34128,"Niños Héroes de Chapultepec","Durango","Victoria de Durango","Durango","Victoria de Durango,Niños Héroes de Chapultepec"
34128,"Puerta del Sol","Durango","Victoria de Durango","Durango","Victoria de Durango,Puerta del Sol"
34128,"Puertas del Sol II","Durango","Victoria de Durango","Durango","Victoria de Durango,Puertas del Sol II"
34129,"Aztlán","Durango","Victoria de Durango","Durango","Victoria de Durango,Aztlán"
34130,"Del Valle","Durango","Victoria de Durango","Durango","Victoria de Durango,Del Valle"
34130,"Francisco Villa","Durango","Victoria de Durango","Durango","Victoria de Durango,Francisco Villa"
34130,"Insurgentes","Durango","Victoria de Durango","Durango","Victoria de Durango,Insurgentes"
34135,"Vicente Guerrero","Durango","Victoria de Durango","Durango","Victoria de Durango,Vicente Guerrero"
34136,"Ricardo Flores Magón","Durango","Victoria de Durango","Durango","Victoria de Durango,Ricardo Flores Magón"
34137,"Picachos","Durango","Victoria de Durango","Durango","Victoria de Durango,Picachos"
34137,"Veteranos de La Revolución","Durango","Victoria de Durango","Durango","Victoria de Durango,Veteranos de La Revolución"
34138,"De Analco","Durango","Victoria de Durango","Durango","Victoria de Durango,De Analco"
34138,"Hernandez","Durango","Victoria de Durango","Durango","Victoria de Durango,Hernandez"
34138,"El Milagro","Durango","Victoria de Durango","Durango","Victoria de Durango,El Milagro"
34139,"Cantarranas","Durango","Victoria de Durango","Durango","Victoria de Durango,Cantarranas"
34139,"La Esmeralda","Durango","Victoria de Durango","Durango","Victoria de Durango,La Esmeralda"
34139,"Barrio Tierra Blanca","Durango","Victoria de Durango","Durango","Victoria de Durango,Barrio Tierra Blanca"
34139,"Villa Alegre","Durango","Victoria de Durango","Durango","Victoria de Durango,Villa Alegre"
34139,"Cazarco","Durango","Victoria de Durango","Durango","Victoria de Durango,Cazarco"
34139,"El Brillante","Durango","Victoria de Durango","Durango","Victoria de Durango,El Brillante"
34139,"El Consuelo","Durango","Victoria de Durango","Durango","Victoria de Durango,El Consuelo"
34139,"Estrella","Durango","Victoria de Durango","Durango","Victoria de Durango,Estrella"
34139,"Privada Luna","Durango","Victoria de Durango","Durango","Victoria de Durango,Privada Luna"
34139,"Rinconada Badiola","Durango","Victoria de Durango","Durango","Victoria de Durango,Rinconada Badiola"
34140,"Anahuac","Durango","Victoria de Durango","Durango","Victoria de Durango,Anahuac"
34140,"División del Norte","Durango","Victoria de Durango","Durango","Victoria de Durango,División del Norte"
34140,"Lucio Cabañas","Durango","Victoria de Durango","Durango","Victoria de Durango,Lucio Cabañas"
34143,"Ampliación Tlatelolco","Durango","Victoria de Durango","Durango","Victoria de Durango,Ampliación Tlatelolco"
34143,"Bello Atardecer","Durango","Victoria de Durango","Durango","Victoria de Durango,Bello Atardecer"
34143,"San José","Durango","Victoria de Durango","Durango","Victoria de Durango,San José"
34143,"Tlatelolco","Durango","Victoria de Durango","Durango","Victoria de Durango,Tlatelolco"
34143,"Valle Municipal","Durango","Victoria de Durango","Durango","Victoria de Durango,Valle Municipal"
34144,"Las Calzadas","Durango","Victoria de Durango","Durango","Victoria de Durango,Las Calzadas"
34144,"La Joya","Durango","Victoria de Durango","Durango","Victoria de Durango,La Joya"
34144,"Durango Nuevo 1","Durango","Victoria de Durango","Durango","Victoria de Durango,Durango Nuevo 1"
34144,"Durango Nuevo II","Durango","Victoria de Durango","Durango","Victoria de Durango,Durango Nuevo II"
34144,"El Brillante","Durango","Victoria de Durango","Durango","Victoria de Durango,El Brillante"
34144,"Villas Doradas","Durango","Victoria de Durango","Durango","Victoria de Durango,Villas Doradas"
34144,"Villa Antigua","Durango","Victoria de Durango","Durango","Victoria de Durango,Villa Antigua"
34144,"Bosques del Nayar","Durango","Victoria de Durango","Durango","Victoria de Durango,Bosques del Nayar"
34144,"Bello Amanecer","Durango","Victoria de Durango","Durango","Victoria de Durango,Bello Amanecer"
34144,"23 de Marzo","Durango","Victoria de Durango","Durango","Victoria de Durango,23 de Marzo"
34144,"Rinconada San Antonio","Durango","Victoria de Durango","Durango","Victoria de Durango,Rinconada San Antonio"
34144,"Buena Vista","Durango","Victoria de Durango","Durango","Victoria de Durango,Buena Vista"
34144,"Ampliación Nuevo Milenio","Durango","Victoria de Durango","Durango","Victoria de Durango,Ampliación Nuevo Milenio"
34144,"La Estrella","Durango","Victoria de Durango","Durango","Victoria de Durango,La Estrella"
34144,"El Lucero","Durango","Victoria de Durango","Durango","Victoria de Durango,El Lucero"
34144,"Jardines del Nayar","Durango","Victoria de Durango","Durango","Victoria de Durango,Jardines del Nayar"
34144,"Pedregal de La Nueva España","Durango","Victoria de Durango","Durango","Victoria de Durango,Pedregal de La Nueva España"
34145,"Asentamientos Humanos","Durango","Victoria de Durango","Durango","Victoria de Durango,Asentamientos Humanos"
34146,"Los Álamos","Durango","Victoria de Durango","Durango","Victoria de Durango,Los Álamos"
34147,"Arroyo Seco","Durango","Victoria de Durango","Durango","Victoria de Durango,Arroyo Seco"
34147,"Cerrada la Huerta","Durango","Victoria de Durango","Durango","Victoria de Durango,Cerrada la Huerta"
34147,"Villas del Atardecer","Durango","Victoria de Durango","Durango","Victoria de Durango,Villas del Atardecer"
34147,"Fundo Legal Arroyo Seco","Durango","Victoria de Durango","Durango","Victoria de Durango,Fundo Legal Arroyo Seco"
34147,"Las Gardenias","Durango","Victoria de Durango","Durango","Victoria de Durango,Las Gardenias"
34147,"Manuel Gómez Morin","Durango","Victoria de Durango","Durango","Victoria de Durango,Manuel Gómez Morin"
34147,"Las Calandrias","Durango","Victoria de Durango","Durango","Victoria de Durango,Las Calandrias"
34147,"La Huerta","Durango","Victoria de Durango","Durango","Victoria de Durango,La Huerta"
34147,"La Moderna","Durango","Victoria de Durango","Durango","Victoria de Durango,La Moderna"
34147,"Los Tulipanes I","Durango","Victoria de Durango","Durango","Victoria de Durango,Los Tulipanes I"
34147,"Gaviotas II","Durango","Victoria de Durango","Durango","Victoria de Durango,Gaviotas II"
34147,"El Durazno","Durango","Victoria de Durango","Durango","Victoria de Durango,El Durazno"
34147,"Hacienda de Tapias","Durango","Victoria de Durango","Durango","Victoria de Durango,Hacienda de Tapias"
34150,"IV Centenario","Durango","Victoria de Durango","Durango","Victoria de Durango,IV Centenario"
34150,"Chapultepec","Durango","Victoria de Durango","Durango","Victoria de Durango,Chapultepec"
34150,"Juan de La Barrera","Durango","Victoria de Durango","Durango","Victoria de Durango,Juan de La Barrera"
34150,"Silvestre Revueltas","Durango","Victoria de Durango","Durango","Victoria de Durango,Silvestre Revueltas"
34150,"Privada Paraíso","Durango","Victoria de Durango","Durango","Victoria de Durango,Privada Paraíso"
34150,"Villas Santa Teresa","Durango","Victoria de Durango","Durango","Victoria de Durango,Villas Santa Teresa"
34156,"Ocampo","Durango","Victoria de Durango","Durango","Victoria de Durango,Ocampo"
34157,"Francisco González de La Vega","Durango","Victoria de Durango","Durango","Victoria de Durango,Francisco González de La Vega"
34157,"San Diego","Durango","Victoria de Durango","Durango","Victoria de Durango,San Diego"
34158,"La Pradera","Durango","Victoria de Durango","Durango","Victoria de Durango,La Pradera"
34159,"Francisco I Madero","Durango","Victoria de Durango","Durango","Victoria de Durango,Francisco I Madero"
34160,"Azcapotzalco","Durango","Victoria de Durango","Durango","Victoria de Durango,Azcapotzalco"
34160,"El Edén","Durango","Victoria de Durango","Durango","Victoria de Durango,El Edén"
34160,"Huizache I","Durango","Victoria de Durango","Durango","Victoria de Durango,Huizache I"
34160,"Huizache II","Durango","Victoria de Durango","Durango","Victoria de Durango,Huizache II"
34160,"Villas del Edén","Durango","Victoria de Durango","Durango","Victoria de Durango,Villas del Edén"
34162,"Las Milpas","Durango","Victoria de Durango","Durango","Victoria de Durango,Las Milpas"
34162,"Los Nogales","Durango","Victoria de Durango","Durango","Victoria de Durango,Los Nogales"
34162,"Solidaridad","Durango","Victoria de Durango","Durango","Victoria de Durango,Solidaridad"
34162,"Valle del Mezquital I","Durango","Victoria de Durango","Durango","Victoria de Durango,Valle del Mezquital I"
34162,"Nueva Providencia","Durango","Victoria de Durango","Durango","Victoria de Durango,Nueva Providencia"
34162,"Valle del Mezquital II","Durango","Victoria de Durango","Durango","Victoria de Durango,Valle del Mezquital II"
34162,"Los Pinos Residencial","Durango","Victoria de Durango","Durango","Victoria de Durango,Los Pinos Residencial"
34162,"Nuevo Durango I","Durango","Victoria de Durango","Durango","Victoria de Durango,Nuevo Durango I"
34162,"Real del Country","Durango","Victoria de Durango","Durango","Victoria de Durango,Real del Country"
34162,"Residencial Santa Teresa","Durango","Victoria de Durango","Durango","Victoria de Durango,Residencial Santa Teresa"
34162,"Margarita Maza de Juárez","Durango","Victoria de Durango","Durango","Victoria de Durango,Margarita Maza de Juárez"
34163,"Benito Juárez","Durango","Victoria de Durango","Durango","Victoria de Durango,Benito Juárez"
34164,"Nuevo Milenio","Durango","Victoria de Durango","Durango","Victoria de Durango,Nuevo Milenio"
34164,"Milenio 450 II","Durango","Victoria de Durango","Durango","Victoria de Durango,Milenio 450 II"
34164,"Cristóbal Colón","Durango","Victoria de Durango","Durango","Victoria de Durango,Cristóbal Colón"
34164,"Luz del Carmen","Durango","Victoria de Durango","Durango","Victoria de Durango,Luz del Carmen"
34164,"Alianza por Durango","Durango","Victoria de Durango","Durango","Victoria de Durango,Alianza por Durango"
34165,"Los Sauces","Durango","Victoria de Durango","Durango","Victoria de Durango,Los Sauces"
34165,"Universal","Durango","Victoria de Durango","Durango","Victoria de Durango,Universal"
34166,"Centauro del Norte","Durango","Victoria de Durango","Durango","Victoria de Durango,Centauro del Norte"
34166,"Primer Presidente","Durango","Victoria de Durango","Durango","Victoria de Durango,Primer Presidente"
34166,"SEDUE","Durango","Victoria de Durango","Durango","Victoria de Durango,SEDUE"
34166,"Valle del Guadiana","Durango","Victoria de Durango","Durango","Victoria de Durango,Valle del Guadiana"
34166,"Rinconada del Ángel","Durango","Victoria de Durango","Durango","Victoria de Durango,Rinconada del Ángel"
34166,"Las Flores III","Durango","Victoria de Durango","Durango","Victoria de Durango,Las Flores III"
34166,"Santa Teresa","Durango","Victoria de Durango","Durango","Victoria de Durango,Santa Teresa"
34166,"Nuevo Durango II","Durango","Victoria de Durango","Durango","Victoria de Durango,Nuevo Durango II"
34166,"Nuevo Durango III","Durango","Victoria de Durango","Durango","Victoria de Durango,Nuevo Durango III"
34166,"Hacienda las Flores","Durango","Victoria de Durango","Durango","Victoria de Durango,Hacienda las Flores"
34166,"Residencial Villa Dorada","Durango","Victoria de Durango","Durango","Victoria de Durango,Residencial Villa Dorada"
34167,"Las Magdalenas","Durango","Victoria de Durango","Durango","Victoria de Durango,Las Magdalenas"
34167,"Barcelona","Durango","Victoria de Durango","Durango","Victoria de Durango,Barcelona"
34167,"Milenio 450","Durango","Victoria de Durango","Durango","Victoria de Durango,Milenio 450"
34167,"Victoria de Durango","Durango","Victoria de Durango","Durango","Victoria de Durango,Victoria de Durango"
34167,"Galicia","Durango","Victoria de Durango","Durango","Victoria de Durango,Galicia"
34167,"Benito Juárez","Durango","Victoria de Durango","Durango","Victoria de Durango,Benito Juárez"
34167,"Jardines de Cancún","Durango","Victoria de Durango","Durango","Victoria de Durango,Jardines de Cancún"
34167,"Isabel Almanza","Durango","Victoria de Durango","Durango","Victoria de Durango,Isabel Almanza"
34167,"Don Francisco","Durango","Victoria de Durango","Durango","Victoria de Durango,Don Francisco"
34167,"Colibrí","Durango","Victoria de Durango","Durango","Victoria de Durango,Colibrí"
34167,"Orquídea","Durango","Victoria de Durango","Durango","Victoria de Durango,Orquídea"
34167,"Locutores","Durango","Victoria de Durango","Durango","Victoria de Durango,Locutores"
34167,"Bicentenario","Durango","Victoria de Durango","Durango","Victoria de Durango,Bicentenario"
34167,"Colibrí II","Durango","Victoria de Durango","Durango","Victoria de Durango,Colibrí II"
34167,"Privada San Martín","Durango","Victoria de Durango","Durango","Victoria de Durango,Privada San Martín"
34167,"El Alacrán","Durango","Victoria de Durango","Durango","Victoria de Durango,El Alacrán"
34167,"Vivah Reforma I","Durango","Victoria de Durango","Durango","Victoria de Durango,Vivah Reforma I"
34167,"Constituyentes","Durango","Victoria de Durango","Durango","Victoria de Durango,Constituyentes"
34167,"Edmundo Ravelo Duarte","Durango","Victoria de Durango","Durango","Victoria de Durango,Edmundo Ravelo Duarte"
34167,"Toledo","Durango","Victoria de Durango","Durango","Victoria de Durango,Toledo"
34167,"Aranza","Durango","Victoria de Durango","Durango","Victoria de Durango,Aranza"
34167,"Geraldine","Durango","Victoria de Durango","Durango","Victoria de Durango,Geraldine"
34167,"Ignacio Zaragoza","Durango","Victoria de Durango","Durango","Victoria de Durango,Ignacio Zaragoza"
34168,"El Paraíso","Durango","Victoria de Durango","Durango","Victoria de Durango,El Paraíso"
34168,"San Carlos","Durango","Victoria de Durango","Durango","Victoria de Durango,San Carlos"
34168,"Bicentenario","Durango","Victoria de Durango","Durango","Victoria de Durango,Bicentenario"
34168,"Real Vizcaya","Durango","Victoria de Durango","Durango","Victoria de Durango,Real Vizcaya"
34168,"Real Victoria II","Durango","Victoria de Durango","Durango","Victoria de Durango,Real Victoria II"
34168,"Ampliación Las Rosas","Durango","Victoria de Durango","Durango","Victoria de Durango,Ampliación Las Rosas"
34169,"Genaro Vázquez","Durango","Victoria de Durango","Durango","Victoria de Durango,Genaro Vázquez"
34169,"Miramar","Durango","Victoria de Durango","Durango","Victoria de Durango,Miramar"
34170,"Camino Real","Durango","Victoria de Durango","Durango","Victoria de Durango,Camino Real"
34170,"El Refugio","Durango","Victoria de Durango","Durango","Victoria de Durango,El Refugio"
34170,"Jalisco","Durango","Victoria de Durango","Durango","Victoria de Durango,Jalisco"
34170,"Los Fuentes","Durango","Victoria de Durango","Durango","Victoria de Durango,Los Fuentes"
34170,"Las Misiones (Edificios de Departamentos)","Durango","Victoria de Durango","Durango","Victoria de Durango,Las Misiones (Edificios de Departamentos)"
34170,"Privada las Quintas","Durango","Victoria de Durango","Durango","Victoria de Durango,Privada las Quintas"
34175,"José Martí","Durango","Victoria de Durango","Durango","Victoria de Durango,José Martí"
34176,"Providencia II FOVISSSTE","Durango","Victoria de Durango","Durango","Victoria de Durango,Providencia II FOVISSSTE"
34176,"Villas Alpinas","Durango","Victoria de Durango","Durango","Victoria de Durango,Villas Alpinas"
34176,"Privada Casuarinas","Durango","Victoria de Durango","Durango","Victoria de Durango,Privada Casuarinas"
34179,"Providencia I","Durango","Victoria de Durango","Durango","Victoria de Durango,Providencia I"
34180,"Domingo Arrieta","Durango","Victoria de Durango","Durango","Victoria de Durango,Domingo Arrieta"
34185,"Senderos","Durango","Victoria de Durango","Durango","Victoria de Durango,Senderos"
34185,"Real de Privanzas","Durango","Victoria de Durango","Durango","Victoria de Durango,Real de Privanzas"
34185,"Torres Toscana","Durango","Victoria de Durango","Durango","Victoria de Durango,Torres Toscana"
34185,"Las Quintas","Durango","Victoria de Durango","Durango","Victoria de Durango,Las Quintas"
34186,"Cerrada Privanzas","Durango","Victoria de Durango","Durango","Victoria de Durango,Cerrada Privanzas"
34186,"Valle Alegre","Durango","Victoria de Durango","Durango","Victoria de Durango,Valle Alegre"
34186,"Villa Jardín","Durango","Victoria de Durango","Durango","Victoria de Durango,Villa Jardín"
34186,"Diana Laura R de Colosio","Durango","Victoria de Durango","Durango","Victoria de Durango,Diana Laura R de Colosio"
34186,"Villas Alpinas","Durango","Victoria de Durango","Durango","Victoria de Durango,Villas Alpinas"
34186,"Mireles","Durango","Victoria de Durango","Durango","Victoria de Durango,Mireles"
34186,"Claveles II","Durango","Victoria de Durango","Durango","Victoria de Durango,Claveles II"
34186,"Claveles 1 (Ampliación Luis Donaldo Colosio)","Durango","Victoria de Durango","Durango","Victoria de Durango,Claveles 1 (Ampliación Luis Donaldo Colosio)"
34186,"Campo Alegre","Durango","Victoria de Durango","Durango","Victoria de Durango,Campo Alegre"
34186,"Las Esperanzas","Durango","Victoria de Durango","Durango","Victoria de Durango,Las Esperanzas"
34186,"Las Privanzas","Durango","Victoria de Durango","Durango","Victoria de Durango,Las Privanzas"
34186,"Villas Doradas II","Durango","Victoria de Durango","Durango","Victoria de Durango,Villas Doradas II"
34187,"Ejidal","Durango","Victoria de Durango","Durango","Victoria de Durango,Ejidal"
34187,"Niños Héroes","Durango","Victoria de Durango","Durango","Victoria de Durango,Niños Héroes"
34188,"Constitución","Durango","Victoria de Durango","Durango","Victoria de Durango,Constitución"
34188,"Dolores del Río","Durango","Victoria de Durango","Durango","Victoria de Durango,Dolores del Río"
34188,"Juan Lira Bracho","Durango","Victoria de Durango","Durango","Victoria de Durango,Juan Lira Bracho"
34188,"Las Auroras","Durango","Victoria de Durango","Durango","Victoria de Durango,Las Auroras"
34188,"Luis Donaldo Colosio","Durango","Victoria de Durango","Durango","Victoria de Durango,Luis Donaldo Colosio"
34188,"Jesús María","Durango","Victoria de Durango","Durango","Victoria de Durango,Jesús María"
34189,"La Arboleda","Durango","Victoria de Durango","Durango","Victoria de Durango,La Arboleda"
34190,"Azteca","Durango","Victoria de Durango","Durango","Victoria de Durango,Azteca"
34190,"El Naranjal","Durango","Victoria de Durango","Durango","Victoria de Durango,El Naranjal"
34190,"Real del Naranjal","Durango","Victoria de Durango","Durango","Victoria de Durango,Real del Naranjal"
34190,"SAHOP","Durango","Victoria de Durango","Durango","Victoria de Durango,SAHOP"
34190,"Granja Graciela","Durango","Victoria de Durango","Durango","Victoria de Durango,Granja Graciela"
34190,"Santa Cruz Residencial","Durango","Victoria de Durango","Durango","Victoria de Durango,Santa Cruz Residencial"
34190,"Los Ángeles Villas","Durango","Victoria de Durango","Durango","Victoria de Durango,Los Ángeles Villas"
34193,"Residencial los Laureles","Durango","Victoria de Durango","Durango","Victoria de Durango,Residencial los Laureles"
34193,"El Lago","Durango","Victoria de Durango","Durango","Victoria de Durango,El Lago"
34193,"El Atardecer Residencial","Durango","Victoria de Durango","Durango","Victoria de Durango,El Atardecer Residencial"
34193,"Cotto de Asturias","Durango","Victoria de Durango","Durango","Victoria de Durango,Cotto de Asturias"
34193,"El Roble Residencial","Durango","Victoria de Durango","Durango","Victoria de Durango,El Roble Residencial"
34193,"Potrero los Abonos","Durango","Victoria de Durango","Durango","Victoria de Durango,Potrero los Abonos"
34193,"Linda Vista","Durango","Victoria de Durango","Durango","Victoria de Durango,Linda Vista"
34193,"Los Nogales Residencial","Durango","Victoria de Durango","Durango","Victoria de Durango,Los Nogales Residencial"
34193,"Embotelladora de Coca Cola","Durango","Victoria de Durango","Durango","Victoria de Durango,Embotelladora de Coca Cola"
34193,"El Lago","Durango","","Durango",",El Lago"
34193,"Los Cedros Residencial","Durango","Victoria de Durango","Durango","Victoria de Durango,Los Cedros Residencial"
34193,"El Bosque Residencial","Durango","Victoria de Durango","Durango","Victoria de Durango,El Bosque Residencial"
34194,"Arantzazu II","Durango","Victoria de Durango","Durango","Victoria de Durango,Arantzazu II"
34194,"Rancho San Miguel","Durango","Victoria de Durango","Durango","Victoria de Durango,Rancho San Miguel"
34194,"Las Flores Sur","Durango","Victoria de Durango","Durango","Victoria de Durango,Las Flores Sur"
34194,"México","Durango","Victoria de Durango","Durango","Victoria de Durango,México"
34194,"Santa Anita","Durango","Victoria de Durango","Durango","Victoria de Durango,Santa Anita"
34194,"Valle Verde Sur","Durango","Victoria de Durango","Durango","Victoria de Durango,Valle Verde Sur"
34194,"Villas Campestre","Durango","Victoria de Durango","Durango","Victoria de Durango,Villas Campestre"
34194,"Real Campestre","Durango","Victoria de Durango","Durango","Victoria de Durango,Real Campestre"
34194,"Campestre Amanecer","Durango","Victoria de Durango","Durango","Victoria de Durango,Campestre Amanecer"
34194,"O DAM","Durango","Victoria de Durango","Durango","Victoria de Durango,O DAM"
34194,"San Vicente","Durango","Victoria de Durango","Durango","Victoria de Durango,San Vicente"
34194,"Hacienda del Nogal","Durango","Victoria de Durango","Durango","Victoria de Durango,Hacienda del Nogal"
34194,"Justicia Social","Durango","Victoria de Durango","Durango","Victoria de Durango,Justicia Social"
34194,"Valle de México","Durango","Victoria de Durango","Durango","Victoria de Durango,Valle de México"
34194,"Campestre de Durango","Durango","Victoria de Durango","Durango","Victoria de Durango,Campestre de Durango"
34194,"Artemisas","Durango","Victoria de Durango","Durango","Victoria de Durango,Artemisas"
34194,"Haciendas del Campestre","Durango","Victoria de Durango","Durango","Victoria de Durango,Haciendas del Campestre"
34194,"El Ensueño","Durango","Victoria de Durango","Durango","Victoria de Durango,El Ensueño"
34194,"Girasoles","Durango","Victoria de Durango","Durango","Victoria de Durango,Girasoles"
34194,"Promotores Sociales","Durango","Victoria de Durango","Durango","Victoria de Durango,Promotores Sociales"
34194,"Delicias","Durango","","Durango",",Delicias"
34194,"Arantzazú","Durango","Victoria de Durango","Durango","Victoria de Durango,Arantzazú"
34195,"Benigno Montoya","Durango","Victoria de Durango","Durango","Victoria de Durango,Benigno Montoya"
34195,"Campestre Martinica","Durango","Victoria de Durango","Durango","Victoria de Durango,Campestre Martinica"
34195,"Villa Universitaria","Durango","Victoria de Durango","Durango","Victoria de Durango,Villa Universitaria"
34195,"Ricardo Rosales (SCT)","Durango","Victoria de Durango","Durango","Victoria de Durango,Ricardo Rosales (SCT)"
34196,"8 de Septiembre","Durango","Victoria de Durango","Durango","Victoria de Durango,8 de Septiembre"
34196,"Rinconada Bugambilias","Durango","Victoria de Durango","Durango","Victoria de Durango,Rinconada Bugambilias"
34197,"Morelos Sur","Durango","Victoria de Durango","Durango","Victoria de Durango,Morelos Sur"
34197,"Praderas del Sur","Durango","Victoria de Durango","Durango","Victoria de Durango,Praderas del Sur"
34197,"Loma Bonita","Durango","Victoria de Durango","Durango","Victoria de Durango,Loma Bonita"
34197,"Ampliación Morelos Sur","Durango","Victoria de Durango","Durango","Victoria de Durango,Ampliación Morelos Sur"
34198,"La Ciénega","Durango","Victoria de Durango","Durango","Victoria de Durango,La Ciénega"
34198,"Los Betabeles","Durango","Victoria de Durango","Durango","Victoria de Durango,Los Betabeles"
34198,"Misión Real Castilla","Durango","Victoria de Durango","Durango","Victoria de Durango,Misión Real Castilla"
34198,"Veranda Residencial","Durango","Victoria de Durango","Durango","Victoria de Durango,Veranda Residencial"
34198,"Universidad Tecnológica de Durango","Durango","","Durango",",Universidad Tecnológica de Durango"
34198,"Ancira","Durango","","Durango",",Ancira"
34198,"Guadalupe (Natera)","Durango","","Durango",",Guadalupe (Natera)"
34198,"La Casita","Durango","","Durango",",La Casita"
34198,"Laura","Durango","","Durango",",Laura"
34198,"Rancho Alaska 1","Durango","","Durango",",Rancho Alaska 1"
34198,"Rancho las Nubes","Durango","","Durango",",Rancho las Nubes"
34198,"Rancho San Francisco de Calleros","Durango","","Durango",",Rancho San Francisco de Calleros"
34198,"Villas del Manantial (Ameyal)","Durango","Victoria de Durango","Durango","Victoria de Durango,Villas del Manantial (Ameyal)"
34199,"Real del Mezquital","Durango","Victoria de Durango","Durango","Victoria de Durango,Real del Mezquital"
34199,"Privada Vista del Sol","Durango","Victoria de Durango","Durango","Victoria de Durango,Privada Vista del Sol"
34199,"Villa Jacarandas","Durango","Victoria de Durango","Durango","Victoria de Durango,Villa Jacarandas"
34199,"El Potrero (Los Parra)","Durango","","Durango",",El Potrero (Los Parra)"
34200,"Jardines de Durango","Durango","Victoria de Durango","Durango","Victoria de Durango,Jardines de Durango"
34200,"Las Américas","Durango","Victoria de Durango","Durango","Victoria de Durango,Las Américas"
34200,"Hacienda de Fray Diego","Durango","Victoria de Durango","Durango","Victoria de Durango,Hacienda de Fray Diego"
34204,"La Cima","Durango","Victoria de Durango","Durango","Victoria de Durango,La Cima"
34204,"Los Eucaliptos","Durango","Victoria de Durango","Durango","Victoria de Durango,Los Eucaliptos"
34204,"Puerta de San Ignacio","Durango","Victoria de Durango","Durango","Victoria de Durango,Puerta de San Ignacio"
34204,"San José","Durango","Victoria de Durango","Durango","Victoria de Durango,San José"
34204,"San José II","Durango","Victoria de Durango","Durango","Victoria de Durango,San José II"
34204,"San Daniel","Durango","Victoria de Durango","Durango","Victoria de Durango,San Daniel"
34204,"Villas de Zambrano","Durango","Victoria de Durango","Durango","Victoria de Durango,Villas de Zambrano"
34204,"Paso Real","Durango","Victoria de Durango","Durango","Victoria de Durango,Paso Real"
34204,"Antigua Hacienda","Durango","Victoria de Durango","Durango","Victoria de Durango,Antigua Hacienda"
34204,"FSTSE","Durango","Victoria de Durango","Durango","Victoria de Durango,FSTSE"
34204,"Cerrada las Torres","Durango","Victoria de Durango","Durango","Victoria de Durango,Cerrada las Torres"
34204,"San Carlo","Durango","Victoria de Durango","Durango","Victoria de Durango,San Carlo"
34204,"Acueducto","Durango","Victoria de Durango","Durango","Victoria de Durango,Acueducto"
34204,"Privadas San Ignacio","Durango","Victoria de Durango","Durango","Victoria de Durango,Privadas San Ignacio"
34204,"Granja Mis Ilusiones","Durango","Victoria de Durango","Durango","Victoria de Durango,Granja Mis Ilusiones"
34205,"Carlos Luna","Durango","Victoria de Durango","Durango","Victoria de Durango,Carlos Luna"
34205,"Santa Amelia","Durango","Victoria de Durango","Durango","Victoria de Durango,Santa Amelia"
34205,"Versalles","Durango","Victoria de Durango","Durango","Victoria de Durango,Versalles"
34205,"Villas San Ignacio","Durango","Victoria de Durango","Durango","Victoria de Durango,Villas San Ignacio"
34206,"José Ángel Leal","Durango","Victoria de Durango","Durango","Victoria de Durango,José Ángel Leal"
34207,"La Glorieta","Durango","Victoria de Durango","Durango","Victoria de Durango,La Glorieta"
34208,"Ciudad Industrial","Durango","Victoria de Durango","Durango","Victoria de Durango,Ciudad Industrial"
34208,"Villa Blanca","Durango","Victoria de Durango","Durango","Victoria de Durango,Villa Blanca"
34208,"Villas del Guadiana IV","Durango","Victoria de Durango","Durango","Victoria de Durango,Villas del Guadiana IV"
34208,"San Juan","Durango","Victoria de Durango","Durango","Victoria de Durango,San Juan"
34209,"Español","Durango","Victoria de Durango","Durango","Victoria de Durango,Español"
34209,"Alejandría Jardines","Durango","Victoria de Durango","Durango","Victoria de Durango,Alejandría Jardines"
34209,"Predio Tayafe","Durango","Victoria de Durango","Durango","Victoria de Durango,Predio Tayafe"
34209,"Tres Misiones","Durango","Victoria de Durango","Durango","Victoria de Durango,Tres Misiones"
34210,"Adolfo López Mateos","Durango","Victoria de Durango","Durango","Victoria de Durango,Adolfo López Mateos"
34210,"Francisco Zarco","Durango","Victoria de Durango","Durango","Victoria de Durango,Francisco Zarco"
34210,"Aserradero","Durango","Victoria de Durango","Durango","Victoria de Durango,Aserradero"
34214,"Armando del Castillo Franco","Durango","Victoria de Durango","Durango","Victoria de Durango,Armando del Castillo Franco"
34214,"Francisco Sarabia","Durango","Victoria de Durango","Durango","Victoria de Durango,Francisco Sarabia"
34215,"Rincón del Lobo","Durango","Victoria de Durango","Durango","Victoria de Durango,Rincón del Lobo"
34215,"Fundo Legal San Ignacio","Durango","Victoria de Durango","Durango","Victoria de Durango,Fundo Legal San Ignacio"
34215,"Cortijo Residencial Plus","Durango","Victoria de Durango","Durango","Victoria de Durango,Cortijo Residencial Plus"
34215,"Las Huertas","Durango","Victoria de Durango","Durango","Victoria de Durango,Las Huertas"
34215,"San Ignacio de Loyola","Durango","Victoria de Durango","Durango","Victoria de Durango,San Ignacio de Loyola"
34215,"Cumbres Residencial","Durango","Victoria de Durango","Durango","Victoria de Durango,Cumbres Residencial"
34215,"Cortijo Residencial","Durango","Victoria de Durango","Durango","Victoria de Durango,Cortijo Residencial"
34216,"Fray Diego de La Cadena","Durango","Victoria de Durango","Durango","Victoria de Durango,Fray Diego de La Cadena"
34217,"La Ponderosa","Durango","Victoria de Durango","Durango","Victoria de Durango,La Ponderosa"
34217,"Boodamtam","Durango","Victoria de Durango","Durango","Victoria de Durango,Boodamtam"
34217,"El Ciprés","Durango","Victoria de Durango","Durango","Victoria de Durango,El Ciprés"
34217,"La Forestal","Durango","Victoria de Durango","Durango","Victoria de Durango,La Forestal"
34217,"Predio Rústico la Tinaja y los Lugos","Durango","Victoria de Durango","Durango","Victoria de Durango,Predio Rústico la Tinaja y los Lugos"
34217,"Cerrada Rosas","Durango","Victoria de Durango","Durango","Victoria de Durango,Cerrada Rosas"
34217,"Abetos","Durango","Victoria de Durango","Durango","Victoria de Durango,Abetos"
34217,"Predio el Tule","Durango","Victoria de Durango","Durango","Victoria de Durango,Predio el Tule"
34217,"Juan Escutia","Durango","Victoria de Durango","Durango","Victoria de Durango,Juan Escutia"
34217,"Chulas Fronteras","Durango","Victoria de Durango","Durango","Victoria de Durango,Chulas Fronteras"
34217,"Massie","Durango","Victoria de Durango","Durango","Victoria de Durango,Massie"
34217,"Industrial Nuevo Durango","Durango","Victoria de Durango","Durango","Victoria de Durango,Industrial Nuevo Durango"
34217,"Industrial Korian","Durango","Victoria de Durango","Durango","Victoria de Durango,Industrial Korian"
34217,"Haciendas","Durango","Victoria de Durango","Durango","Victoria de Durango,Haciendas"
34218,"Arturo Gamiz","Durango","Victoria de Durango","Durango","Victoria de Durango,Arturo Gamiz"
34219,"José Revueltas","Durango","Victoria de Durango","Durango","Victoria de Durango,José Revueltas"
34220,"Guadalupe","Durango","Victoria de Durango","Durango","Victoria de Durango,Guadalupe"
34220,"Guadalupe Victoria INFONAVIT","Durango","Victoria de Durango","Durango","Victoria de Durango,Guadalupe Victoria INFONAVIT"
34220,"Las Fuentes","Durango","Victoria de Durango","Durango","Victoria de Durango,Las Fuentes"
34220,"Predio Granados","Durango","Victoria de Durango","Durango","Victoria de Durango,Predio Granados"
34220,"Cibeles","Durango","Victoria de Durango","Durango","Victoria de Durango,Cibeles"
34220,"Girasoles","Durango","Victoria de Durango","Durango","Victoria de Durango,Girasoles"
34220,"Privada Alejandrina","Durango","Victoria de Durango","Durango","Victoria de Durango,Privada Alejandrina"
34220,"Privada Villa Jardín","Durango","Victoria de Durango","Durango","Victoria de Durango,Privada Villa Jardín"
34224,"Valle Oriente","Durango","Victoria de Durango","Durango","Victoria de Durango,Valle Oriente"
34224,"Las Nubes","Durango","Victoria de Durango","Durango","Victoria de Durango,Las Nubes"
34224,"El Renacimiento","Durango","Victoria de Durango","Durango","Victoria de Durango,El Renacimiento"
34224,"San Luis","Durango","Victoria de Durango","Durango","Victoria de Durango,San Luis"
34224,"Une","Durango","Victoria de Durango","Durango","Victoria de Durango,Une"
34224,"Villas del Guadiana II","Durango","Victoria de Durango","Durango","Victoria de Durango,Villas del Guadiana II"
34224,"Villas del Guadiana III","Durango","Victoria de Durango","Durango","Victoria de Durango,Villas del Guadiana III"
34224,"Valle de Guadalupe","Durango","Victoria de Durango","Durango","Victoria de Durango,Valle de Guadalupe"
34224,"Los Arbolitos I","Durango","Victoria de Durango","Durango","Victoria de Durango,Los Arbolitos I"
34224,"Las Vegas","Durango","Victoria de Durango","Durango","Victoria de Durango,Las Vegas"
34224,"María Luisa","Durango","Victoria de Durango","Durango","Victoria de Durango,María Luisa"
34224,"Villas del Guadiana I","Durango","Victoria de Durango","Durango","Victoria de Durango,Villas del Guadiana I"
34224,"Villas del Guadiana V (Mixto)","Durango","Victoria de Durango","Durango","Victoria de Durango,Villas del Guadiana V (Mixto)"
34224,"Villas de Guadiana VI","Durango","Victoria de Durango","Durango","Victoria de Durango,Villas de Guadiana VI"
34224,"Los Arbolitos III","Durango","Victoria de Durango","Durango","Victoria de Durango,Los Arbolitos III"
34224,"Florencia","Durango","Victoria de Durango","Durango","Victoria de Durango,Florencia"
34224,"Villas de Guadiana VII","Durango","Victoria de Durango","Durango","Victoria de Durango,Villas de Guadiana VII"
34224,"Nuevo Pedregal III","Durango","Victoria de Durango","Durango","Victoria de Durango,Nuevo Pedregal III"
34225,"Valle del Rocío","Durango","Victoria de Durango","Durango","Victoria de Durango,Valle del Rocío"
34225,"San Fernando","Durango","Victoria de Durango","Durango","Victoria de Durango,San Fernando"
34225,"San Marcos","Durango","Victoria de Durango","Durango","Victoria de Durango,San Marcos"
34225,"San Mateo","Durango","Victoria de Durango","Durango","Victoria de Durango,San Mateo"
34225,"Nuevo Imperio","Durango","Victoria de Durango","Durango","Victoria de Durango,Nuevo Imperio"
34225,"Jardines del Real","Durango","Victoria de Durango","Durango","Victoria de Durango,Jardines del Real"
34225,"Tenochtitlan","Durango","Victoria de Durango","Durango","Victoria de Durango,Tenochtitlan"
34225,"Valle de Cristo","Durango","Victoria de Durango","Durango","Victoria de Durango,Valle de Cristo"
34225,"Los Encinos","Durango","Victoria de Durango","Durango","Victoria de Durango,Los Encinos"
34225,"Los Arbolitos II","Durango","Victoria de Durango","Durango","Victoria de Durango,Los Arbolitos II"
34225,"La Luz","Durango","Victoria de Durango","Durango","Victoria de Durango,La Luz"
34225,"Valle del Paseo","Durango","Victoria de Durango","Durango","Victoria de Durango,Valle del Paseo"
34225,"Nuevo Valle","Durango","Victoria de Durango","Durango","Victoria de Durango,Nuevo Valle"
34226,"Roma","Durango","Victoria de Durango","Durango","Victoria de Durango,Roma"
34226,"Democracia Sindical","Durango","Victoria de Durango","Durango","Victoria de Durango,Democracia Sindical"
34227,"Bosques del Valle","Durango","Victoria de Durango","Durango","Victoria de Durango,Bosques del Valle"
34227,"Jardines de San Antonio I","Durango","Victoria de Durango","Durango","Victoria de Durango,Jardines de San Antonio I"
34227,"Villas del Pedregal I","Durango","Victoria de Durango","Durango","Victoria de Durango,Villas del Pedregal I"
34227,"Los Agaves","Durango","Victoria de Durango","Durango","Victoria de Durango,Los Agaves"
34227,"Rinconada del Paraíso","Durango","Victoria de Durango","Durango","Victoria de Durango,Rinconada del Paraíso"
34227,"Villas del Carmen","Durango","Victoria de Durango","Durango","Victoria de Durango,Villas del Carmen"
34227,"Villas del Pedregal II","Durango","Victoria de Durango","Durango","Victoria de Durango,Villas del Pedregal II"
34228,"Rinconada Sol","Durango","Victoria de Durango","Durango","Victoria de Durango,Rinconada Sol"
34229,"Fidel Velázquez I","Durango","Victoria de Durango","Durango","Victoria de Durango,Fidel Velázquez I"
34229,"Fidel Velázquez II","Durango","Victoria de Durango","Durango","Victoria de Durango,Fidel Velázquez II"
34229,"Fideicomiso Ciudad Industrial","Durango","Victoria de Durango","Durango","Victoria de Durango,Fideicomiso Ciudad Industrial"
34229,"Real de Villas","Durango","Victoria de Durango","Durango","Victoria de Durango,Real de Villas"
34230,"Emiliano Zapata","Durango","Victoria de Durango","Durango","Victoria de Durango,Emiliano Zapata"
34230,"Máximo Gamiz Fernández","Durango","Victoria de Durango","Durango","Victoria de Durango,Máximo Gamiz Fernández"
34233,"Bosques","Durango","Victoria de Durango","Durango","Victoria de Durango,Bosques"
34233,"Las Brisas","Durango","Victoria de Durango","Durango","Victoria de Durango,Las Brisas"
34234,"California","Durango","Victoria de Durango","Durango","Victoria de Durango,California"
34234,"20 de Noviembre II","Durango","Victoria de Durango","Durango","Victoria de Durango,20 de Noviembre II"
34234,"Octavio Paz","Durango","Victoria de Durango","Durango","Victoria de Durango,Octavio Paz"
34234,"Residencial del Valle","Durango","Victoria de Durango","Durango","Victoria de Durango,Residencial del Valle"
34234,"Valle Florido","Durango","Victoria de Durango","Durango","Victoria de Durango,Valle Florido"
34234,"Las Bugambilias","Durango","Victoria de Durango","Durango","Victoria de Durango,Las Bugambilias"
34235,"Unidad Habitacional Labor de Guadalupe","Durango","Victoria de Durango","Durango","Victoria de Durango,Unidad Habitacional Labor de Guadalupe"
34235,"Residencial del Marques","Durango","Victoria de Durango","Durango","Victoria de Durango,Residencial del Marques"
34235,"Atenas","Durango","Victoria de Durango","Durango","Victoria de Durango,Atenas"
34235,"Aranjuez","Durango","Victoria de Durango","Durango","Victoria de Durango,Aranjuez"
34235,"Brisas Diamante","Durango","Victoria de Durango","Durango","Victoria de Durango,Brisas Diamante"
34235,"Quinta del Real","Durango","Victoria de Durango","Durango","Victoria de Durango,Quinta del Real"
34236,"Ampliación 20 de Noviembre","Durango","Victoria de Durango","Durango","Victoria de Durango,Ampliación 20 de Noviembre"
34236,"20 de Noviembre Fundo Legal","Durango","Victoria de Durango","Durango","Victoria de Durango,20 de Noviembre Fundo Legal"
34236,"20 de Noviembre","Durango","","Durango",",20 de Noviembre"
34236,"Fraccionamiento Industrial Scorpio","Durango","Victoria de Durango","Durango","Victoria de Durango,Fraccionamiento Industrial Scorpio"
34236,"Los Agaves","Durango","Victoria de Durango","Durango","Victoria de Durango,Los Agaves"
34236,"Caminos del Sol","Durango","Victoria de Durango","Durango","Victoria de Durango,Caminos del Sol"
34236,"Haciendas del Pedregal I","Durango","Victoria de Durango","Durango","Victoria de Durango,Haciendas del Pedregal I"
34236,"Nuevo Pedregal","Durango","Victoria de Durango","Durango","Victoria de Durango,Nuevo Pedregal"
34236,"Rinconada las Flores","Durango","Victoria de Durango","Durango","Victoria de Durango,Rinconada las Flores"
34236,"Los Duraznos","Durango","Victoria de Durango","Durango","Victoria de Durango,Los Duraznos"
34236,"Haciendas del Pedregal II","Durango","Victoria de Durango","Durango","Victoria de Durango,Haciendas del Pedregal II"
34236,"Residencial Santa Clara","Durango","Victoria de Durango","Durango","Victoria de Durango,Residencial Santa Clara"
34237,"Joyas del Valle","Durango","Victoria de Durango","Durango","Victoria de Durango,Joyas del Valle"
34237,"Las Alamedas MT","Durango","Victoria de Durango","Durango","Victoria de Durango,Las Alamedas MT"
34237,"La Noria","Durango","Victoria de Durango","Durango","Victoria de Durango,La Noria"
34237,"San Gabriel","Durango","Victoria de Durango","Durango","Victoria de Durango,San Gabriel"
34237,"Villas del Sol","Durango","Victoria de Durango","Durango","Victoria de Durango,Villas del Sol"
34237,"Privada San Vicente II","Durango","Victoria de Durango","Durango","Victoria de Durango,Privada San Vicente II"
34237,"Conjunto Habitacional Departamentos Jade","Durango","Victoria de Durango","Durango","Victoria de Durango,Conjunto Habitacional Departamentos Jade"
34237,"Monte Bello","Durango","Victoria de Durango","Durango","Victoria de Durango,Monte Bello"
34237,"Las Bugambilias III","Durango","Victoria de Durango","Durango","Victoria de Durango,Las Bugambilias III"
34237,"San Jorge","Durango","Victoria de Durango","Durango","Victoria de Durango,San Jorge"
34237,"Ágata","Durango","Victoria de Durango","Durango","Victoria de Durango,Ágata"
34237,"Residencial Casa Blanca","Durango","Victoria de Durango","Durango","Victoria de Durango,Residencial Casa Blanca"
34238,"La Hacienda","Durango","Victoria de Durango","Durango","Victoria de Durango,La Hacienda"
34239,"Provincial","Durango","Victoria de Durango","Durango","Victoria de Durango,Provincial"
34239,"Privada las Hortencias","Durango","Victoria de Durango","Durango","Victoria de Durango,Privada las Hortencias"
34240,"Del Maestro","Durango","Victoria de Durango","Durango","Victoria de Durango,Del Maestro"
34240,"Santa Fe","Durango","Victoria de Durango","Durango","Victoria de Durango,Santa Fe"
34250,"Luis Echeverría Alvarez","Durango","Victoria de Durango","Durango","Victoria de Durango,Luis Echeverría Alvarez"
34260,"Las Playas","Durango","Victoria de Durango","Durango","Victoria de Durango,Las Playas"
34260,"Porfirio Díaz","Durango","Victoria de Durango","Durango","Victoria de Durango,Porfirio Díaz"
34260,"Rincón de Agricultura","Durango","Victoria de Durango","Durango","Victoria de Durango,Rincón de Agricultura"
34269,"Vergel del Desierto","Durango","Victoria de Durango","Durango","Victoria de Durango,Vergel del Desierto"
34270,"Guillermina","Durango","Victoria de Durango","Durango","Victoria de Durango,Guillermina"
34270,"Hipódromo","Durango","Victoria de Durango","Durango","Victoria de Durango,Hipódromo"
34270,"Olga Margarita","Durango","Victoria de Durango","Durango","Victoria de Durango,Olga Margarita"
34270,"Heberto Castillo","Durango","Victoria de Durango","Durango","Victoria de Durango,Heberto Castillo"
34277,"Reforma","Durango","Victoria de Durango","Durango","Victoria de Durango,Reforma"
34278,"Nazas","Durango","Victoria de Durango","Durango","Victoria de Durango,Nazas"
34279,"Burócrata","Durango","Victoria de Durango","Durango","Victoria de Durango,Burócrata"
34280,"J Guadalupe Rodriguez","Durango","Victoria de Durango","Durango","Victoria de Durango,J Guadalupe Rodriguez"
34284,"Valle Verde Oriente","Durango","Victoria de Durango","Durango","Victoria de Durango,Valle Verde Oriente"
34284,"Pedro Ávila Nevárez","Durango","Victoria de Durango","Durango","Victoria de Durango,Pedro Ávila Nevárez"
34285,"Los Fresnos","Durango","Victoria de Durango","Durango","Victoria de Durango,Los Fresnos"
34286,"22 de Septiembre","Durango","Victoria de Durango","Durango","Victoria de Durango,22 de Septiembre"
34287,"Villas San José","Durango","Victoria de Durango","Durango","Victoria de Durango,Villas San José"
34287,"Tecnológico","Durango","Victoria de Durango","Durango","Victoria de Durango,Tecnológico"
34287,"Jorge Herrera Delgado","Durango","Victoria de Durango","Durango","Victoria de Durango,Jorge Herrera Delgado"
34287,"Pirineos","Durango","Victoria de Durango","Durango","Victoria de Durango,Pirineos"
34287,"Real Victoria I","Durango","Victoria de Durango","Durango","Victoria de Durango,Real Victoria I"
34287,"La Coruña","Durango","Victoria de Durango","Durango","Victoria de Durango,La Coruña"
34287,"Cielo Azul","Durango","Victoria de Durango","Durango","Victoria de Durango,Cielo Azul"
34287,"Solares Veinte de Noviembre","Durango","Victoria de Durango","Durango","Victoria de Durango,Solares Veinte de Noviembre"
34287,"Cerrada los Olivos","Durango","Victoria de Durango","Durango","Victoria de Durango,Cerrada los Olivos"
34287,"España","Durango","Victoria de Durango","Durango","Victoria de Durango,España"
34287,"Liberación Social","Durango","Victoria de Durango","Durango","Victoria de Durango,Liberación Social"
34287,"Villas de San Francisco","Durango","Victoria de Durango","Durango","Victoria de Durango,Villas de San Francisco"
34287,"Privada Aserradero","Durango","Victoria de Durango","Durango","Victoria de Durango,Privada Aserradero"
34287,"Residencial las Palmas","Durango","Victoria de Durango","Durango","Victoria de Durango,Residencial las Palmas"
34287,"Los Viñedos","Durango","Victoria de Durango","Durango","Victoria de Durango,Los Viñedos"
34287,"Hogares del Parque","Durango","Victoria de Durango","Durango","Victoria de Durango,Hogares del Parque"
34289,"Industrial Ladrillera","Durango","Victoria de Durango","Durango","Victoria de Durango,Industrial Ladrillera"
34290,"Canelas","Durango","Victoria de Durango","Durango","Victoria de Durango,Canelas"
34298,"Patria Libre","Durango","Victoria de Durango","Durango","Victoria de Durango,Patria Libre"
34298,"Rinconada los Álamos","Durango","Victoria de Durango","Durango","Victoria de Durango,Rinconada los Álamos"
34299,"Los Álamos","Durango","Victoria de Durango","Durango","Victoria de Durango,Los Álamos"
34299,"Los Alamitos","Durango","Victoria de Durango","Durango","Victoria de Durango,Los Alamitos"
34300,"San Andrés [Granja]","Durango","","Durango",",San Andrés [Granja]"
34300,"El Jacalón","Durango","","Durango",",El Jacalón"
34300,"Santa Teresa [Granja]","Durango","","Durango",",Santa Teresa [Granja]"
34300,"Rancho el Canelo","Durango","","Durango",",Rancho el Canelo"
34300,"Rancho la Parcela","Durango","","Durango",",Rancho la Parcela"
34300,"Rancho los Torres","Durango","","Durango",",Rancho los Torres"
34300,"Rancho Madrid","Durango","","Durango",",Rancho Madrid"
34300,"Rancho San Vicente","Durango","","Durango",",Rancho San Vicente"
34303,"Labor de Guadalupe","Durango","","Durango",",Labor de Guadalupe"
34303,"Rancho el Fresno","Durango","","Durango",",Rancho el Fresno"
34303,"Rancho el Norteño","Durango","","Durango",",Rancho el Norteño"
34303,"Rancho el Sauz","Durango","","Durango",",Rancho el Sauz"
34304,"Centro Logístico Industrial de Durango","Durango","","Durango",",Centro Logístico Industrial de Durango"
34304,"La Quinta","Durango","","Durango",",La Quinta"
34304,"Málaga","Durango","","Durango",",Málaga"
34304,"Don Luis Sandoval [Granja]","Durango","","Durango",",Don Luis Sandoval [Granja]"
34304,"Rancho California","Durango","","Durango",",Rancho California"
34304,"Rancho Dos Hermanos","Durango","","Durango",",Rancho Dos Hermanos"
34304,"Rancho el Apuro","Durango","","Durango",",Rancho el Apuro"
34304,"Rancho el Arco Iris","Durango","","Durango",",Rancho el Arco Iris"
34304,"Rancho el Consuelo","Durango","","Durango",",Rancho el Consuelo"
34304,"Rancho el Giro","Durango","","Durango",",Rancho el Giro"
34304,"Rancho el Monte","Durango","","Durango",",Rancho el Monte"
34304,"Rancho la Abundancia (El Venado)","Durango","","Durango",",Rancho la Abundancia (El Venado)"
34304,"Rancho la Noria","Durango","","Durango",",Rancho la Noria"
34304,"Rancho las Nubes","Durango","","Durango",",Rancho las Nubes"
34304,"Rancho Lorena","Durango","","Durango",",Rancho Lorena"
34304,"Rancho los Ángeles","Durango","","Durango",",Rancho los Ángeles"
34304,"Rancho los Corrales","Durango","","Durango",",Rancho los Corrales"
34304,"Rancho María Esther","Durango","","Durango",",Rancho María Esther"
34304,"Rancho Santa Lucía","Durango","","Durango",",Rancho Santa Lucía"
34304,"Rancho Tierra Limpia","Durango","","Durango",",Rancho Tierra Limpia"
34305,"Cerrada Calera","Durango","","Durango",",Cerrada Calera"
34305,"Cinco de Mayo","Durango","","Durango",",Cinco de Mayo"
34305,"Fray Francisco Montes de Oca","Durango","","Durango",",Fray Francisco Montes de Oca"
34305,"General Lázaro Cárdenas","Durango","","Durango",",General Lázaro Cárdenas"
34305,"Durango (Presidente Guadalupe Victoria)","Durango","","Durango",",Durango (Presidente Guadalupe Victoria)"
34305,"Calera","Durango","","Durango",",Calera"
34305,"La Cruz (Sayula)","Durango","","Durango",",La Cruz (Sayula)"
34305,"El Condado","Durango","","Durango",",El Condado"
34305,"Santa Rita","Durango","","Durango",",Santa Rita"
34305,"Granjas del Río","Durango","","Durango",",Granjas del Río"
34305,"Rancho el Tecolote","Durango","","Durango",",Rancho el Tecolote"
34305,"Rancho Esperanza","Durango","","Durango",",Rancho Esperanza"
34305,"Rancho Hidalgo","Durango","","Durango",",Rancho Hidalgo"
34305,"El Mezquite","Durango","","Durango",",El Mezquite"
34305,"Rancho Nuevo Monterrey","Durango","","Durango",",Rancho Nuevo Monterrey"
34305,"La Huerta","Durango","","Durango",",La Huerta"
34305,"Rancho Ramos Vázquez","Durango","","Durango",",Rancho Ramos Vázquez"
34305,"San Francisco","Durango","","Durango",",San Francisco"
34305,"Santa Cruz del Río","Durango","","Durango",",Santa Cruz del Río"
34306,"Contreras","Durango","","Durango",",Contreras"
34306,"El Tepetate","Durango","","Durango",",El Tepetate"
34306,"San Carlos","Durango","","Durango",",San Carlos"
34306,"Cristóbal Colón","Durango","","Durango",",Cristóbal Colón"
34306,"La Campana","Durango","","Durango",",La Campana"
34306,"Las Minitas","Durango","","Durango",",Las Minitas"
34306,"La Campana","Durango","","Durango",",La Campana"
34306,"Quince de Octubre","Durango","","Durango",",Quince de Octubre"
34306,"Antonio Castillo","Durango","","Durango",",Antonio Castillo"
34306,"Betania [Granja]","Durango","","Durango",",Betania [Granja]"
34306,"Dos Arbolitos [Granja]","Durango","","Durango",",Dos Arbolitos [Granja]"
34306,"Hermanos Flores","Durango","","Durango",",Hermanos Flores"
34306,"El Peligro","Durango","","Durango",",El Peligro"
34306,"La Maroma [Granja]","Durango","","Durango",",La Maroma [Granja]"
34306,"Las Gabrielas [Rancho]","Durango","","Durango",",Las Gabrielas [Rancho]"
34306,"Los Arcos [Granja]","Durango","","Durango",",Los Arcos [Granja]"
34306,"Hacienda San Martina","Durango","","Durango",",Hacienda San Martina"
34306,"Finca las Flores","Durango","","Durango",",Finca las Flores"
34306,"Rancho Dalila","Durango","","Durango",",Rancho Dalila"
34306,"Rancho el Maguey","Durango","","Durango",",Rancho el Maguey"
34306,"Gas Plus","Durango","","Durango",",Gas Plus"
34306,"Rancho Huichapa","Durango","","Durango",",Rancho Huichapa"
34306,"Rancho la Presa de Navacoyán","Durango","","Durango",",Rancho la Presa de Navacoyán"
34306,"Rancho los Portales Cabalgantes","Durango","","Durango",",Rancho los Portales Cabalgantes"
34306,"Rancho Nativitas","Durango","","Durango",",Rancho Nativitas"
34306,"Las Avestruces","Durango","","Durango",",Las Avestruces"
34307,"Dolores Hidalgo","Durango","","Durango",",Dolores Hidalgo"
34307,"Gabino Santillán","Durango","","Durango",",Gabino Santillán"
34307,"Residencial San Felipe","Durango","","Durango",",Residencial San Felipe"
34307,"Villa Italiana Residencial","Durango","","Durango",",Villa Italiana Residencial"
34307,"La Nogalera","Durango","","Durango",",La Nogalera"
34307,"Martínez [Granja]","Durango","","Durango",",Martínez [Granja]"
34307,"Jovana [Granja]","Durango","","Durango",",Jovana [Granja]"
34307,"María Luisa [Granja]","Durango","","Durango",",María Luisa [Granja]"
34307,"San Miguel","Durango","","Durango",",San Miguel"
34307,"Rancho el Mezquite","Durango","","Durango",",Rancho el Mezquite"
34307,"Rancho el Paraíso","Durango","","Durango",",Rancho el Paraíso"
34307,"El Capitán","Durango","","Durango",",El Capitán"
34307,"Rancho las Águilas","Durango","","Durango",",Rancho las Águilas"
34307,"Rancho las Flores","Durango","","Durango",",Rancho las Flores"
34307,"Rancho los Colorines","Durango","","Durango",",Rancho los Colorines"
34307,"Rancho los Pelícanos","Durango","","Durango",",Rancho los Pelícanos"
34307,"Revueltas [Rancho]","Durango","","Durango",",Revueltas [Rancho]"
34307,"Río Dorado","Durango","","Durango",",Río Dorado"
34308,"Veintiocho de Septiembre","Durango","","Durango",",Veintiocho de Septiembre"
34308,"Alejandra","Durango","","Durango",",Alejandra"
34308,"Cristy [Granja]","Durango","","Durango",",Cristy [Granja]"
34308,"El Rosario [Granja]","Durango","","Durango",",El Rosario [Granja]"
34308,"San Miguel [Granja]","Durango","","Durango",",San Miguel [Granja]"
34310,"Cinco de Febrero","Durango","","Durango",",Cinco de Febrero"
34310,"Belisario Domínguez","Durango","","Durango",",Belisario Domínguez"
34310,"Colonia Hidalgo","Durango","","Durango",",Colonia Hidalgo"
34310,"El Arenal (San Jerónimo)","Durango","","Durango",",El Arenal (San Jerónimo)"
34310,"Francisco Villa Nuevo","Durango","","Durango",",Francisco Villa Nuevo"
34310,"Francisco Villa Viejo","Durango","","Durango",",Francisco Villa Viejo"
34310,"Rancho los Pinos","Durango","","Durango",",Rancho los Pinos"
34313,"Rancho Chapultepec","Durango","","Durango",",Rancho Chapultepec"
34314,"Las Huertas","Durango","","Durango",",Las Huertas"
34314,"Metates","Durango","","Durango",",Metates"
34314,"Rancho Tinajas","Durango","","Durango",",Rancho Tinajas"
34316,"La Pila","Durango","","Durango",",La Pila"
34316,"El Asturiano","Durango","","Durango",",El Asturiano"
34317,"Independencia y Libertad","Durango","","Durango",",Independencia y Libertad"
34317,"Héroe de Nacozari","Durango","","Durango",",Héroe de Nacozari"
34317,"Primero de Mayo","Durango","","Durango",",Primero de Mayo"
34320,"Quince de Septiembre","Durango","","Durango",",Quince de Septiembre"
34320,"Aquiles Serdán","Durango","","Durango",",Aquiles Serdán"
34320,"Praxedis G. Guerrero Nuevo (La Loma)","Durango","","Durango",",Praxedis G. Guerrero Nuevo (La Loma)"
34320,"Praxedis G. Guerrero Viejo","Durango","","Durango",",Praxedis G. Guerrero Viejo"
34320,"General Felipe Ángeles","Durango","","Durango",",General Felipe Ángeles"
34320,"San Luis [Granja]","Durango","","Durango",",San Luis [Granja]"
34320,"San Lorenzo","Durango","","Durango",",San Lorenzo"
34320,"El Faisán","Durango","","Durango",",El Faisán"
34323,"Parras de la Fuente","Durango","","Durango",",Parras de la Fuente"
34323,"José Refugio Salcido","Durango","","Durango",",José Refugio Salcido"
34323,"Antonio Gaxiola (La Carreta)","Durango","","Durango",",Antonio Gaxiola (La Carreta)"
34323,"Juan Aldama","Durango","","Durango",",Juan Aldama"
34323,"Rancho la Galera","Durango","","Durango",",Rancho la Galera"
34323,"Los Membrillos","Durango","","Durango",",Los Membrillos"
34324,"José María Pino Suárez","Durango","","Durango",",José María Pino Suárez"
34324,"General Felipe Ángeles (Ejido)","Durango","","Durango",",General Felipe Ángeles (Ejido)"
34324,"Ignacio López Rayón","Durango","","Durango",",Ignacio López Rayón"
34324,"Plan de Ayala","Durango","","Durango",",Plan de Ayala"
34324,"Parque Industrial Ladrillero","Durango","","Durango",",Parque Industrial Ladrillero"
34324,"San Francisco del Manzanal","Durango","","Durango",",San Francisco del Manzanal"
34324,"Minerva (Colonia)","Durango","","Durango",",Minerva (Colonia)"
34324,"Los 3 Potrillos","Durango","","Durango",",Los 3 Potrillos"
34324,"Balleza (José Irigoyen)","Durango","","Durango",",Balleza (José Irigoyen)"
34324,"Los Arcos del Vergel [Rancho]","Durango","","Durango",",Los Arcos del Vergel [Rancho]"
34324,"Los Duraznos","Durango","","Durango",",Los Duraznos"
34325,"General Mariano Matamoros","Durango","","Durango",",General Mariano Matamoros"
34325,"La Boca del Mezquital","Durango","","Durango",",La Boca del Mezquital"
34325,"Dieciocho de Marzo","Durango","","Durango",",Dieciocho de Marzo"
34325,"Rancho Santa Anita","Durango","","Durango",",Rancho Santa Anita"
34326,"Nicolás Romero","Durango","","Durango",",Nicolás Romero"
34326,"Valle Florido","Durango","","Durango",",Valle Florido"
34326,"Tomás Urbina","Durango","","Durango",",Tomás Urbina"
34326,"Rancho de la Cruz","Durango","","Durango",",Rancho de la Cruz"
34330,"Río Escondido (La Loma)","Durango","","Durango",",Río Escondido (La Loma)"
34330,"La Ferrería (Cuatro de Octubre)","Durango","","Durango",",La Ferrería (Cuatro de Octubre)"
34330,"El Nayar","Durango","","Durango",",El Nayar"
34330,"Pilar de Zaragoza","Durango","","Durango",",Pilar de Zaragoza"
34330,"Santiago Bayacora","Durango","","Durango",",Santiago Bayacora"
34330,"Sebastián Lerdo de Tejada","Durango","","Durango",",Sebastián Lerdo de Tejada"
34330,"San José de la Vinata","Durango","","Durango",",San José de la Vinata"
34330,"San Miguel de las Maravillas de Abajo","Durango","","Durango",",San Miguel de las Maravillas de Abajo"
34330,"San Miguel de las Maravillas de Arriba","Durango","","Durango",",San Miguel de las Maravillas de Arriba"
34330,"La Puerta de Santiago Bayacora (Puerta Chica)","Durango","","Durango",",La Puerta de Santiago Bayacora (Puerta Chica)"
34330,"Las Villas Residencial","Durango","","Durango",",Las Villas Residencial"
34330,"Puerta de la Cantera","Durango","","Durango",",Puerta de la Cantera"
34330,"Fraccionamiento el Pilar","Durango","","Durango",",Fraccionamiento el Pilar"
34330,"Rancho los Cuevas","Durango","","Durango",",Rancho los Cuevas"
34330,"San Francisco [Rancho]","Durango","","Durango",",San Francisco [Rancho]"
34334,"La Flor","Durango","","Durango",",La Flor"
34334,"Las Bayas","Durango","","Durango",",Las Bayas"
34340,"El Pueblito","Durango","","Durango",",El Pueblito"
34340,"El Durazno","Durango","","Durango",",El Durazno"
34340,"El Refugio (El Conejo)","Durango","","Durango",",El Refugio (El Conejo)"
34340,"El Tunal","Durango","","Durango",",El Tunal"
34340,"San Carlos (Las Fresas)","Durango","","Durango",",San Carlos (Las Fresas)"
34345,"Navacoyán","Durango","","Durango",",Navacoyán"
34345,"San Isidro","Durango","","Durango",",San Isidro"
34345,"El Encinal","Durango","","Durango",",El Encinal"
34345,"Molinillos","Durango","","Durango",",Molinillos"
34346,"Echeverría de la Sierra","Durango","","Durango",",Echeverría de la Sierra"
34350,"Navajas","Durango","","Durango",",Navajas"
34350,"Estación Empalme Purísima","Durango","","Durango",",Estación Empalme Purísima"
34350,"Navíos","Durango","","Durango",",Navíos"
34350,"Fraccionamiento Campestre Residencial Navíos","Durango","","Durango",",Fraccionamiento Campestre Residencial Navíos"
34350,"Rancho Macías","Durango","","Durango",",Rancho Macías"
34354,"Estación Regocijo","Durango","","Durango",",Estación Regocijo"
34357,"Las Cumbres","Durango","","Durango",",Las Cumbres"
34357,"Llano Grande","Durango","","Durango",",Llano Grande"
34357,"Rancho San Pedro (San Juan)","Durango","","Durango",",Rancho San Pedro (San Juan)"
34358,"Ojo de Agua del Cazador (Cruz de Piedra)","Durango","","Durango",",Ojo de Agua del Cazador (Cruz de Piedra)"
34358,"General Domingo Arrieta (Pastores)","Durango","","Durango",",General Domingo Arrieta (Pastores)"
34358,"Paraíso de la Sierra","Durango","","Durango",",Paraíso de la Sierra"
34358,"Martínez","Durango","","Durango",",Martínez"
34358,"Rancho la Luna","Durango","","Durango",",Rancho la Luna"
34360,"Corral de Barranco","Durango","","Durango",",Corral de Barranco"
34360,"Presitas","Durango","","Durango",",Presitas"
34363,"Banderas del Águila","Durango","","Durango",",Banderas del Águila"
34364,"Unidos Venceremos","Durango","","Durango",",Unidos Venceremos"
34365,"Nueva Patria (Santo Domingo)","Durango","","Durango",",Nueva Patria (Santo Domingo)"
34365,"San José de Ánimas","Durango","","Durango",",San José de Ánimas"
34365,"Santa Lucía","Durango","","Durango",",Santa Lucía"
34365,"Los Yesqueros","Durango","","Durango",",Los Yesqueros"
34366,"Cerro Prieto","Durango","","Durango",",Cerro Prieto"
34371,"Villa Montemorelos","Durango","","Durango",",Villa Montemorelos"
34373,"Mi Patria es Primero (Mesa del Cuervo)","Durango","","Durango",",Mi Patria es Primero (Mesa del Cuervo)"
34373,"Laguna Colorada de los López","Durango","","Durango",",Laguna Colorada de los López"
34373,"Rancho San Martín","Durango","","Durango",",Rancho San Martín"
34375,"Mesas de Urbina","Durango","","Durango",",Mesas de Urbina"
34376,"Ignacio Zaragoza","Durango","","Durango",",Ignacio Zaragoza"
34377,"Rodríguez Puebla","Durango","","Durango",",Rodríguez Puebla"
34377,"Rancho el Manzano","Durango","","Durango",",Rancho el Manzano"
34377,"Rancho la Víbora","Durango","","Durango",",Rancho la Víbora"
34378,"Río Verde","Durango","","Durango",",Río Verde"
34378,"San Benito","Durango","","Durango",",San Benito"
34378,"Unión de Rodríguez","Durango","","Durango",",Unión de Rodríguez"
34378,"La Luz","Durango","","Durango",",La Luz"
34380,"Dieciséis de Septiembre (Cieneguita de Fullman)","Durango","","Durango",",Dieciséis de Septiembre (Cieneguita de Fullman)"
34380,"General Máximo García (El Pino)","Durango","","Durango",",General Máximo García (El Pino)"
34380,"El Carrizo","Durango","","Durango",",El Carrizo"
34380,"Metates (Tenchontle)","Durango","","Durango",",Metates (Tenchontle)"
34380,"General Lázaro Cárdenas (Garabito Viejo)","Durango","","Durango",",General Lázaro Cárdenas (Garabito Viejo)"
34380,"La Piedra [Ranchito]","Durango","","Durango",",La Piedra [Ranchito]"
34380,"Rancho el Escalón","Durango","","Durango",",Rancho el Escalón"
34380,"Rancho Espino","Durango","","Durango",",Rancho Espino"
34380,"Rancho Jacarandas","Durango","","Durango",",Rancho Jacarandas"
34380,"La Laguna","Durango","","Durango",",La Laguna"
34380,"Las 3 Potrancas [Rancho]","Durango","","Durango",",Las 3 Potrancas [Rancho]"
34383,"Los Mimbres","Durango","","Durango",",Los Mimbres"
34383,"El Soldado","Durango","","Durango",",El Soldado"
34383,"Finca el Tlalpeño","Durango","","Durango",",Finca el Tlalpeño"
34383,"Fraccionamiento el Soldado","Durango","","Durango",",Fraccionamiento el Soldado"
34383,"Fraccionamiento las Quebradas","Durango","","Durango",",Fraccionamiento las Quebradas"
34383,"El Refugio (El Cazador)","Durango","","Durango",",El Refugio (El Cazador)"
34384,"Otinapa","Durango","","Durango",",Otinapa"
34384,"Rancho Agua Zarca","Durango","","Durango",",Rancho Agua Zarca"
34385,"Presidente Salvador Allende","Durango","","Durango",",Presidente Salvador Allende"
34386,"San Pedro de la Máquina","Durango","","Durango",",San Pedro de la Máquina"
34386,"Santa Cruz de San Javier","Durango","","Durango",",Santa Cruz de San Javier"
34386,"Jesús González Ortega (Pericos)","Durango","","Durango",",Jesús González Ortega (Pericos)"
34386,"La Quinta","Durango","","Durango",",La Quinta"
34386,"Otinapa","Durango","","Durango",",Otinapa"
34387,"Santa Isabel de Batres","Durango","","Durango",",Santa Isabel de Batres"
34390,"José María Morelos y Pavón (La Tinaja)","Durango","","Durango",",José María Morelos y Pavón (La Tinaja)"
34393,"San José del Molino","Durango","","Durango",",San José del Molino"
34393,"Morcillo","Durango","","Durango",",Morcillo"
34393,"Juan B. Ceballos","Durango","","Durango",",Juan B. Ceballos"
34393,"Las Maravillas (Magueycitos)","Durango","","Durango",",Las Maravillas (Magueycitos)"
34393,"Rancho el Durazno","Durango","","Durango",",Rancho el Durazno"
34393,"Rancho el Pilón","Durango","","Durango",",Rancho el Pilón"
34394,"San Vicente de Chupaderos","Durango","","Durango",",San Vicente de Chupaderos"
34394,"Los Cedros","Durango","","Durango",",Los Cedros"
34394,"Fraccionamiento Campestre las Granjas Uno","Durango","","Durango",",Fraccionamiento Campestre las Granjas Uno"
34394,"San Miguel de Casa Blanca 2","Durango","","Durango",",San Miguel de Casa Blanca 2"
34394,"Rancho el Paraíso","Durango","","Durango",",Rancho el Paraíso"
34395,"La Joya","Durango","","Durango",",La Joya"
34395,"El Carmen y Anexos","Durango","","Durango",",El Carmen y Anexos"
34395,"Los Altares (La Casa Blanca)","Durango","","Durango",",Los Altares (La Casa Blanca)"
34395,"La Perla (Salcido)","Durango","","Durango",",La Perla (Salcido)"
34395,"Rancho Corral de Piedra (Postes Negros)","Durango","","Durango",",Rancho Corral de Piedra (Postes Negros)"
34395,"Rancho la Joya","Durango","","Durango",",Rancho la Joya"
34397,"José María Morelos","Durango","","Durango",",José María Morelos"
34397,"Vicente Suárez","Durango","","Durango",",Vicente Suárez"
34397,"General Carlos Real","Durango","","Durango",",General Carlos Real"
34397,"Hacienda el Chorro","Durango","","Durango",",Hacienda el Chorro"
34397,"Rancho las Sanjuaneras","Durango","","Durango",",Rancho las Sanjuaneras"
34397,"Rancho Viborillas","Durango","","Durango",",Rancho Viborillas"
34398,"Abraham González","Durango","","Durango",",Abraham González"
34398,"El Toboso","Durango","","Durango",",El Toboso"
34398,"Veintisiete de Noviembre","Durango","","Durango",",Veintisiete de Noviembre"
34398,"CEFERESO Número 1","Durango","","Durango",",CEFERESO Número 1"
